,time_consume,delta_rate_pool4
0,0.4,10.76923077
1,1.1,12.88888889
2,1.5,5.286343612
3,2.2,8.641975309
4,2.6,7.631318137
5,3.3,5.546492659
6,4.0,6.330837304
7,4.4,3.209019948
8,5.1,1.980830671
9,5.5,2.459396752
10,6.2,4.0
11,6.6,2.971175166
12,7.3,2.118644068
13,8.0,4.469273743
14,8.4,6.127352823
15,9.1,3.374578178
16,9.5,1.671938545
17,10.2,0.308153577
18,10.6,3.000545554
